Model,TOPSIS Score,Rank
ALBERT,0.8706865814976423,1
DistilBERT,0.596241656934238,2
BERT,0.22249652929209907,3
RoBERTa,0.10095015706431903,4
XLNet,0.06942453007419143,5
